,Location ID,Location Name,Location HSCA Start Date,Location Type/Sector,Provider ID,Provider Name,Linked Organisation ID,Linked Organisation Name,Relationship,Relationship Start Date,Primary ID
0,1-19896563572,Abney Court,2024-10-21,Social Care Org,1-118164369,Care UK Care Services Limited,1-2184288474,Abney Court,Dual Registration,2024-11-05,N
1,1-2184288474,Abney Court,2015-09-07,Social Care Org,1-116865825,Care UK Community Partnerships Ltd,1-19896563572,Abney Court,Dual Registration,2024-11-05,Y
2,1-19896988775,Addington Heights,2024-10-21,Social Care Org,1-118164369,Care UK Care Services Limited,1-259940364,Addington Heights,Dual Registration,2024-11-05,N
3,1-259940364,Addington Heights,2011-07-08,Social Care Org,1-116865825,Care UK Community Partnerships Ltd,1-19896988775,Addington Heights,Dual Registration,2024-11-05,Y
4,1-139851527,Amberley Lodge - Purley,2011-01-11,Social Care Org,1-116865825,Care UK Community Partnerships Ltd,1-19896849139,Amberley Lodge - Purley,Dual Registration,2024-11-08,Y
5,1-19896849139,Amberley Lodge - Purley,2024-10-21,Social Care Org,1-118164369,Care UK Care Services Limited,1-139851527,Amberley Lodge - Purley,Dual Registration,2024-11-08,N
6,1-1028986728,Ambleside,2013-10-23,Social Care Org,1-116865825,Care UK Community Partnerships Ltd,1-19896726998,Ambleside,Dual Registration,2024-11-08,Y
7,1-19896726998,Ambleside,2024-10-21,Social Care Org,1-118164369,Care UK Care Services Limited,1-1028986728,Ambleside,Dual Registration,2024-11-08,N
8,1-19897102830,Amherst House,2024-10-21,Social Care Org,1-118164369,Care UK Care Services Limited,1-5548373387,Amherst House,Dual Registration,2024-11-26,N
9,1-5548373387,Amherst House,2018-08-14,Social Care Org,1-4422193466,WT UK Opco 4 Limited,1-19897102830,Amherst House,Dual Registration,2024-11-26,Y
10,1-10941404798,Ancasta Grove,2021-05-25,Social Care Org,1-116865825,Care UK Community Partnerships Ltd,1-19896563505,Ancasta Grove,Dual Registration,2024-11-08,Y
11,1-19896563505,Ancasta Grove,2024-10-21,Social Care Org,1-118164369,Care UK Care Services Limited,1-10941404798,Ancasta Grove,Dual Registration,2024-11-08,N
12,1-19897102897,Anning House,2024-10-21,Social Care Org,1-118164369,Care UK Care Services Limited,1-5548708990,Anning House,Dual Registration,2024-11-28,N
13,1-5548708990,Anning House,2018-08-14,Social Care Org,1-4422193466,WT UK Opco 4 Limited,1-19897102897,Anning House,Dual Registration,2024-11-28,Y
14,1-139851545,Appleby House,2011-01-11,Social Care Org,1-116865825,Care UK Community Partnerships Ltd,1-19897040535,Appleby House,Dual Registration,2024-11-08,Y
15,1-19897040535,Appleby House,2024-10-21,Social Care Org,1-118164369,Care UK Care Services Limited,1-139851545,Appleby House,Dual Registration,2024-11-08,N
16,1-19896835615,Armstrong House,2024-10-21,Social Care Org,1-118164369,Care UK Care Services Limited,1-319252593,Armstrong House,Dual Registration,2024-11-08,N
17,1-319252593,Armstrong House,2011-10-19,Social Care Org,1-116865825,Care UK Community Partnerships Ltd,1-19896835615,Armstrong House,Dual Registration,2024-11-08,Y
18,1-10609926286,Ascot Grange Care Home,2021-03-30,Social Care Org,1-3595184458,Redwood Tower UK Opco 2 Limited,1-15519269077,Ascot Grange Care Home,Dual Registration,2023-06-01,Y
19,1-15519269077,Ascot Grange Care Home,2023-06-01,Social Care Org,1-3105856072,Willowbrook Healthcare Limited,1-10609926286,Ascot Grange Care Home,Dual Registration,2023-06-01,N
20,1-1445127860,Asterbury Place,2014-07-01,Social Care Org,1-116865825,Care UK Community Partnerships Ltd,1-19896849001,Asterbury Place,Dual Registration,2024-11-08,Y
21,1-19896849001,Asterbury Place,2024-10-21,Social Care Org,1-118164369,Care UK Care Services Limited,1-1445127860,Asterbury Place,Dual Registration,2024-11-08,N
22,1-10484006462,Avery Park Care Home,2021-03-05,Social Care Org,1-9943323266,Artisan Care Kettering Limited,1-19885093127,Avery Park Care Home,Dual Registration,2024-09-19,Y
23,1-19885093127,Avery Park Care Home,2024-09-12,Social Care Org,1-3105856072,Willowbrook Healthcare Limited,1-10484006462,Avery Park Care Home,Dual Registration,2024-09-19,N
24,1-15519795814,Bagshot Gardens Care Home,2023-06-01,Social Care Org,1-3105856072,Willowbrook Healthcare Limited,1-5093090198,Bagshot Gardens Care Home,Dual Registration,2023-06-01,N
25,1-5093090198,Bagshot Gardens Care Home,2018-04-23,Social Care Org,1-116995093,Willow Tower Opco 1 Limited,1-15519795814,Bagshot Gardens Care Home,Dual Registration,2023-06-01,Y
26,1-12163096386,Barnet Grange Care Home,2022-04-29,Social Care Org,1-4418205182,Redwood Tower UK Opco 1 Limited,1-15519795941,Barnet Grange Care Home,Dual Registration,2023-06-01,Y
27,1-15519795941,Barnet Grange Care Home,2023-06-01,Social Care Org,1-3105856072,Willowbrook Healthcare Limited,1-12163096386,Barnet Grange Care Home,Dual Registration,2023-06-01,N
28,1-15520133891,Beaconsfield Heights Care Home,2023-06-01,Social Care Org,1-3105856072,Willowbrook Healthcare Limited,1-4102327892,Beaconsfield Heights Care Home,Dual Registration,2023-06-01,N
29,1-4102327892,Beaconsfield Heights Care Home,2017-08-01,Social Care Org,1-116995093,Willow Tower Opco 1 Limited,1-15520133891,Beaconsfield Heights Care Home,Dual Registration,2023-06-01,Y
30,1-12383242864,Beckenham Park Care Home,2022-01-13,Social Care Org,1-4418205182,Redwood Tower UK Opco 1 Limited,1-15519796030,Beckenham Park Care Home,Dual Registration,2023-06-01,Y
31,1-15519796030,Beckenham Park Care Home,2023-06-01,Social Care Org,1-3105856072,Willowbrook Healthcare Limited,1-12383242864,Beckenham Park Care Home,Dual Registration,2023-06-01,N
32,1-1894406283,Bentley House,2015-01-26,Social Care Org,1-1765652297,Signature of Hertford (Operations) Limited,1-7739647642,Bentley House,Dual Registration,2019-11-08,Y
33,1-7739647642,Bentley House,2019-11-06,Social Care Org,1-7332922385,Signature Senior Lifestyle Operations Ltd,1-1894406283,Bentley House,Dual Registration,2019-11-08,N
34,1-19896727244,Bickerton House,2024-10-21,Social Care Org,1-118164369,Care UK Care Services Limited,1-8089293376,Bickerton House,Dual Registration,2024-11-08,N
35,1-8089293376,Bickerton House,2020-01-06,Social Care Org,1-116865825,Care UK Community Partnerships Ltd,1-19896727244,Bickerton House,Dual Registration,2024-11-08,Y
36,1-3118965058,Birchmere House,2017-03-01,Social Care Org,1-3105856072,Willowbrook Healthcare Limited,1-511412468,Birchmere House,Dual Registration,2017-03-01,N
37,1-511412468,Birchmere House,2012-11-02,Social Care Org,1-117003271,WT UK Opco 3 Limited,1-3118965058,Birchmere House,Dual Registration,2017-03-01,Y
38,1-4900501629,Birchmere Mews,2018-02-28,Social Care Org,1-3105856072,Willowbrook Healthcare Limited,1-7412656947,Birchmere Mews,Dual Registration,2019-09-23,Y
39,1-7412656947,Birchmere Mews,2019-09-06,Social Care Org,1-117003271,WT UK Opco 3 Limited,1-4900501629,Birchmere Mews,Dual Registration,2019-09-23,N
40,1-19897102924,Bishops Manor,2024-10-21,Social Care Org,1-118164369,Care UK Care Services Limited,1-4518082258,Bishops Manor,Dual Registration,2024-11-28,N
41,1-4518082258,Bishops Manor,2017-11-21,Social Care Org,1-4422193466,WT UK Opco 4 Limited,1-19897102924,Bishops Manor,Dual Registration,2024-11-28,Y
42,1-11462648137,Blossomfield Grange,2021-12-10,Social Care Org,1-4422193466,WT UK Opco 4 Limited,1-19897102951,Blossomfield Grange,Dual Registration,2024-11-28,Y
43,1-19897102951,Blossomfield Grange,2024-10-21,Social Care Org,1-118164369,Care UK Care Services Limited,1-11462648137,Blossomfield Grange,Dual Registration,2024-11-28,N
44,1-19897102978,Bourley Grange,2024-10-21,Social Care Org,1-118164369,Care UK Care Services Limited,1-7727490663,Bourley Grange,Dual Registration,2024-11-28,N
45,1-7727490663,Bourley Grange,2019-11-08,Social Care Org,1-4422193466,WT UK Opco 4 Limited,1-19897102978,Bourley Grange,Dual Registration,2024-11-28,Y
46,1-3861600813,Bourn View,2017-05-31,Social Care Org,1-3105856072,Willowbrook Healthcare Limited,1-7412656655,Bourn View,Dual Registration,2019-09-23,Y
47,1-7412656655,Bourn View,2019-08-28,Social Care Org,1-7136356132,WT UK OPCO 1 Limited,1-3861600813,Bourn View,Dual Registration,2019-09-23,N
48,1-19896801372,Bowes House,2024-10-21,Social Care Org,1-118164369,Care UK Care Services Limited,1-659519521,Bowes House,Dual Registration,2024-11-08,N
49,1-659519521,Bowes House,2013-06-03,Social Care Org,1-116865825,Care UK Community Partnerships Ltd,1-19896801372,Bowes House,Dual Registration,2024-11-08,Y
50,1-17967432115,Braintree Mews Care Home,2023-11-01,Social Care Org,1-13975217479,Artisan Ivy Opco Limited,1-21493923492,Braintree Mews Care Home,Dual Registration,2025-01-30,Y
51,1-21493923492,Braintree Mews Care Home,2025-01-06,Social Care Org,1-3105856072,Willowbrook Healthcare Limited,1-17967432115,Braintree Mews Care Home,Dual Registration,2025-01-30,N
52,1-10609926433,Brentwood Arches Care Home,2021-03-30,Social Care Org,1-3595184458,Redwood Tower UK Opco 2 Limited,1-15519796067,Brentwood Arches Care Home,Dual Registration,2023-06-01,Y
53,1-15519796067,Brentwood Arches Care Home,2023-06-01,Social Care Org,1-3105856072,Willowbrook Healthcare Limited,1-10609926433,Brentwood Arches Care Home,Dual Registration,2023-06-01,N
54,1-14278566755,Bridge Manor,2022-11-16,Social Care Org,1-3105856072,Willowbrook Healthcare Limited,1-16062785257,Bridge Manor,Dual Registration,2023-06-13,Y
55,1-16062785257,Bridge Manor,2023-06-07,Social Care Org,1-14357985644,WT RB Opco 1 Limited,1-14278566755,Bridge Manor,Dual Registration,2023-06-13,N
56,1-1718611233,Britten Court,2014-10-30,Social Care Org,1-116865825,Care UK Community Partnerships Ltd,1-19896849028,Britten Court,Dual Registration,2024-11-08,Y
57,1-19896849028,Britten Court,2024-10-21,Social Care Org,1-118164369,Care UK Care Services Limited,1-1718611233,Britten Court,Dual Registration,2024-11-08,N
58,1-139851599,Broadwater Lodge,2011-01-11,Social Care Org,1-116865825,Care UK Community Partnerships Ltd,1-19897040562,Broadwater Lodge,Dual Registration,2024-11-08,Y
59,1-19897040562,Broadwater Lodge,2024-10-21,Social Care Org,1-118164369,Care UK Care Services Limited,1-139851599,Broadwater Lodge,Dual Registration,2024-11-08,N
60,1-19896727025,Brook Court,2024-10-21,Social Care Org,1-118164369,Care UK Care Services Limited,1-964917015,Brook Court,Dual Registration,2024-11-08,N
61,1-964917015,Brook Court,2013-09-26,Social Care Org,1-116865825,Care UK Community Partnerships Ltd,1-19896727025,Brook Court,Dual Registration,2024-11-08,Y
62,1-19896801449,Buchanan Court,2024-10-21,Social Care Org,1-118164369,Care UK Care Services Limited,1-4538699416,Buchanan Court,Dual Registration,2024-11-08,N
63,1-4538699416,Buchanan Court,2017-11-20,Social Care Org,1-116865825,Care UK Community Partnerships Ltd,1-19896801449,Buchanan Court,Dual Registration,2024-11-08,Y
64,1-14723128925,Butlers Mews Care Home,2023-01-04,Social Care Org,1-3105856072,Willowbrook Healthcare Limited,1-16056366772,Butlers Mews Care Home,Dual Registration,2023-06-13,Y
65,1-16056366772,Butlers Mews Care Home,2023-06-07,Social Care Org,1-14357985644,WT RB Opco 1 Limited,1-14723128925,Butlers Mews Care Home,Dual Registration,2023-06-13,N
66,1-15519796438,Camberley Heights Care Home,2023-06-01,Social Care Org,1-3105856072,Willowbrook Healthcare Limited,1-3891010391,Camberley Heights Care Home,Dual Registration,2023-06-01,N
67,1-3891010391,Camberley Heights Care Home,2017-06-06,Social Care Org,1-3595184458,Redwood Tower UK Opco 2 Limited,1-15519796438,Camberley Heights Care Home,Dual Registration,2023-06-01,Y
68,1-11462648791,Camberley Woods Care Home,2021-12-10,Social Care Org,1-4418205182,Redwood Tower UK Opco 1 Limited,1-15519796094,Camberley Woods Care Home,Dual Registration,2023-06-01,Y
69,1-15519796094,Camberley Woods Care Home,2023-06-01,Social Care Org,1-3105856072,Willowbrook Healthcare Limited,1-11462648791,Camberley Woods Care Home,Dual Registration,2023-06-01,N
70,1-19896801486,Carpathia Grange,2024-10-21,Social Care Org,1-118164369,Care UK Care Services Limited,1-7812794068,Carpathia Grange,Dual Registration,2024-11-08,N
71,1-7812794068,Carpathia Grange,2019-11-07,Social Care Org,1-116865825,Care UK Community Partnerships Ltd,1-19896801486,Carpathia Grange,Dual Registration,2024-11-08,Y
72,1-141956724,Catherine Court,2011-01-25,Social Care Org,1-116865133,Community Health Services Limited,1-19896726832,Catherine Court,Dual Registration,2024-11-08,Y
73,1-19896726832,Catherine Court,2024-10-21,Social Care Org,1-118164369,Care UK Care Services Limited,1-141956724,Catherine Court,Dual Registration,2024-11-08,N
74,1-19896727271,Cavell Court,2024-10-21,Social Care Org,1-118164369,Care UK Care Services Limited,1-2104937207,Cavell Court,Dual Registration,2024-11-08,N
75,1-2104937207,Cavell Court,2015-07-08,Social Care Org,1-116865825,Care UK Community Partnerships Ltd,1-19896727271,Cavell Court,Dual Registration,2024-11-08,Y
76,1-1966400806,Cedrus House,2015-04-14,Social Care Org,1-116865825,Care UK Community Partnerships Ltd,1-19896727298,Cedrus House,Dual Registration,2024-11-08,Y
77,1-19896727298,Cedrus House,2024-10-21,Social Care Org,1-118164369,Care UK Care Services Limited,1-1966400806,Cedrus House,Dual Registration,2024-11-08,N
78,1-19896563055,Chandler Court,2024-10-21,Social Care Org,1-118164369,Care UK Care Services Limited,1-4767351188,Chandler Court,Dual Registration,2024-11-08,N
79,1-4767351188,Chandler Court,2018-01-24,Social Care Org,1-116865825,Care UK Community Partnerships Ltd,1-19896563055,Chandler Court,Dual Registration,2024-11-08,Y
80,1-139851635,Charlotte House,2011-01-11,Social Care Org,1-116865825,Care UK Community Partnerships Ltd,1-19896849242,Charlotte House,Dual Registration,2024-11-08,Y
81,1-19896849242,Charlotte House,2024-10-21,Social Care Org,1-118164369,Care UK Care Services Limited,1-139851635,Charlotte House,Dual Registration,2024-11-08,N
82,1-15520134023,Chertsey Parklands Manor Care Home,2023-06-01,Social Care Org,1-3105856072,Willowbrook Healthcare Limited,1-4734428714,Chertsey Parklands Manor Care Home,Dual Registration,2024-12-01,N
83,1-4734428714,Chertsey Parklands Manor Care Home,2018-01-12,Social Care Org,1-4418205182,Redwood Tower UK Opco 1 Limited,1-15520134023,Chertsey Parklands Manor Care Home,Dual Registration,2024-12-01,Y
84,1-19896839952,Cheviot Court,2024-10-21,Social Care Org,1-118164369,Care UK Care Services Limited,1-319252979,Cheviot Court,Dual Registration,2024-11-08,N
85,1-319252979,Cheviot Court,2011-10-19,Social Care Org,1-116865825,Care UK Community Partnerships Ltd,1-19896839952,Cheviot Court,Dual Registration,2024-11-08,Y
86,1-12119261092,Chichester Grange,2021-12-01,Social Care Org,1-116865825,Care UK Community Partnerships Ltd,1-19896801513,Chichester Grange,Dual Registration,2024-11-08,Y
87,1-19896801513,Chichester Grange,2024-10-21,Social Care Org,1-118164369,Care UK Care Services Limited,1-12119261092,Chichester Grange,Dual Registration,2024-11-08,N
88,1-15519796131,Chorleywood Manor Care Home,2023-06-01,Social Care Org,1-3105856072,Willowbrook Healthcare Limited,1-4068371756,Chorleywood Manor Care Home,Dual Registration,2023-06-01,N
89,1-4068371756,Chorleywood Manor Care Home,2017-08-01,Social Care Org,1-116995093,Willow Tower Opco 1 Limited,1-15519796131,Chorleywood Manor Care Home,Dual Registration,2023-06-01,Y
90,1-19896839989,Church View (Murton),2024-10-21,Social Care Org,1-118164369,Care UK Care Services Limited,1-319253182,Church View (Murton),Dual Registration,2024-11-08,N
91,1-319253182,Church View (Murton),2011-10-19,Social Care Org,1-116865825,Care UK Community Partnerships Ltd,1-19896839989,Church View (Murton),Dual Registration,2024-11-08,Y
92,1-139851671,Clara Court,2011-01-11,Social Care Org,1-116865825,Care UK Community Partnerships Ltd,1-19896849707,Clara Court,Dual Registration,2024-11-08,Y
93,1-19896849707,Clara Court,2024-10-21,Social Care Org,1-118164369,Care UK Care Services Limited,1-139851671,Clara Court,Dual Registration,2024-11-08,N
94,1-1954893701,Cleves Place,2015-03-05,Social Care Org,1-116865825,Care UK Community Partnerships Ltd,1-19896727325,Cleves Place,Dual Registration,2024-11-08,Y
95,1-19896727325,Cleves Place,2024-10-21,Social Care Org,1-118164369,Care UK Care Services Limited,1-1954893701,Cleves Place,Dual Registration,2024-11-08,N
96,1-10609926491,Cliveden Manor Care Home,2021-03-30,Social Care Org,1-3595184458,Redwood Tower UK Opco 2 Limited,1-15519796158,Cliveden Manor Care Home,Dual Registration,2023-06-01,Y
97,1-15519796158,Cliveden Manor Care Home,2023-06-01,Social Care Org,1-3105856072,Willowbrook Healthcare Limited,1-10609926491,Cliveden Manor Care Home,Dual Registration,2023-06-01,N
98,1-19896840086,Collingwood Court,2024-10-21,Social Care Org,1-118164369,Care UK Care Services Limited,1-319253325,Collingwood Court,Dual Registration,2024-11-08,N
99,1-319253325,Collingwood Court,2011-10-19,Social Care Org,1-116865825,Care UK Community Partnerships Ltd,1-19896840086,Collingwood Court,Dual Registration,2024-11-08,Y
100,1-19896563609,Colne View,2024-10-21,Social Care Org,1-118164369,Care UK Care Services Limited,1-413132531,Colne View,Dual Registration,2024-11-08,N
101,1-413132531,Colne View,2012-04-23,Social Care Org,1-116865825,Care UK Community Partnerships Ltd,1-19896563609,Colne View,Dual Registration,2024-11-08,Y
102,1-11462648050,Cranford Grange,2021-12-10,Social Care Org,1-4422193466,WT UK Opco 4 Limited,1-19897102999,Cranford Grange,Dual Registration,2024-11-28,Y
103,1-19897102999,Cranford Grange,2024-10-21,Social Care Org,1-118164369,Care UK Care Services Limited,1-11462648050,Cranford Grange,Dual Registration,2024-11-28,N
104,1-139851689,Cumberland,2011-01-11,Social Care Org,1-116865825,Care UK Community Partnerships Ltd,1-19896726859,Cumberland,Dual Registration,2024-11-08,Y
105,1-19896726859,Cumberland,2024-10-21,Social Care Org,1-118164369,Care UK Care Services Limited,1-139851689,Cumberland,Dual Registration,2024-11-08,N
106,1-17591078108,Cuttlebrook Hall,2023-09-25,Social Care Org,1-116865825,Care UK Community Partnerships Ltd,1-19896563357,Cuttlebrook Hall,Dual Registration,2024-11-08,Y
107,1-19896563357,Cuttlebrook Hall,2024-10-21,Social Care Org,1-118164369,Care UK Care Services Limited,1-17591078108,Cuttlebrook Hall,Dual Registration,2024-11-08,N
108,1-139851708,Darlington Court,2011-01-11,Social Care Org,1-116865825,Care UK Community Partnerships Ltd,1-19896726886,Darlington Court,Dual Registration,2024-11-08,Y
109,1-19896726886,Darlington Court,2024-10-21,Social Care Org,1-118164369,Care UK Care Services Limited,1-139851708,Darlington Court,Dual Registration,2024-11-08,N
110,1-11590124245,Dashwood Manor,2021-09-08,Social Care Org,1-116865825,Care UK Community Partnerships Ltd,1-19896727352,Dashwood Manor,Dual Registration,2024-11-08,Y
111,1-19896727352,Dashwood Manor,2024-10-21,Social Care Org,1-118164369,Care UK Care Services Limited,1-11590124245,Dashwood Manor,Dual Registration,2024-11-08,N
112,1-1586577058,Davers Court,2014-08-15,Social Care Org,1-116865825,Care UK Community Partnerships Ltd,1-19896727379,Davers Court,Dual Registration,2024-11-08,Y
113,1-19896727379,Davers Court,2024-10-21,Social Care Org,1-118164369,Care UK Care Services Limited,1-1586577058,Davers Court,Dual Registration,2024-11-08,N
114,1-19896727052,Deewater Grange,2024-10-21,Social Care Org,1-118164369,Care UK Care Services Limited,1-8123641620,Deewater Grange,Dual Registration,2024-11-08,N
115,1-8123641620,Deewater Grange,2020-01-23,Social Care Org,1-116865825,Care UK Community Partnerships Ltd,1-19896727052,Deewater Grange,Dual Registration,2024-11-08,Y
116,1-15519796185,Eastbourne Gardens Care Home,2023-06-01,Social Care Org,1-3105856072,Willowbrook Healthcare Limited,1-3873974398,Eastbourne Gardens Care Home,Dual Registration,2023-06-01,N
117,1-3873974398,Eastbourne Gardens Care Home,2017-08-01,Social Care Org,1-116995093,Willow Tower Opco 1 Limited,1-15519796185,Eastbourne Gardens Care Home,Dual Registration,2023-06-01,Y
118,1-139851726,Echelforde,2011-01-11,Social Care Org,1-116865825,Care UK Community Partnerships Ltd,1-19897040639,Echelforde,Dual Registration,2024-11-08,Y
119,1-19897040639,Echelforde,2024-10-21,Social Care Org,1-118164369,Care UK Care Services Limited,1-139851726,Echelforde,Dual Registration,2024-11-08,N
120,1-19897103026,Edgbaston Manor,2024-10-21,Social Care Org,1-118164369,Care UK Care Services Limited,1-5227661670,Edgbaston Manor,Dual Registration,2024-11-28,N
121,1-5227661670,Edgbaston Manor,2018-06-08,Social Care Org,1-4422193466,WT UK Opco 4 Limited,1-19897103026,Edgbaston Manor,Dual Registration,2024-11-28,Y
122,1-139851744,Elizabeth Lodge,2011-01-11,Social Care Org,1-116865825,Care UK Community Partnerships Ltd,1-19896849269,Elizabeth Lodge,Dual Registration,2024-11-08,Y
123,1-19896849269,Elizabeth Lodge,2024-10-21,Social Care Org,1-118164369,Care UK Care Services Limited,1-139851744,Elizabeth Lodge,Dual Registration,2024-11-08,N
124,1-139851762,Ellesmere House,2011-01-11,Social Care Org,1-116865825,Care UK Community Partnerships Ltd,1-19896988720,Ellesmere House,Dual Registration,2024-11-08,Y
125,1-19896988720,Ellesmere House,2024-10-21,Social Care Org,1-118164369,Care UK Care Services Limited,1-139851762,Ellesmere House,Dual Registration,2024-11-08,N
126,1-15519796310,Elstree View Care Home,2023-06-01,Social Care Org,1-3105856072,Willowbrook Healthcare Limited,1-3875048372,Elstree View Care Home,Dual Registration,2023-06-01,N
127,1-3875048372,Elstree View Care Home,2017-08-01,Social Care Org,1-116995093,Willow Tower Opco 1 Limited,1-15519796310,Elstree View Care Home,Dual Registration,2023-06-01,Y
128,1-15519796212,Elton House Care Home,2023-06-01,Social Care Org,1-3105856072,Willowbrook Healthcare Limited,1-5700025056,Elton House Care Home,Dual Registration,2023-06-01,N
129,1-5700025056,Elton House Care Home,2018-09-04,Social Care Org,1-4418205182,Redwood Tower UK Opco 1 Limited,1-15519796212,Elton House Care Home,Dual Registration,2023-06-01,Y
130,1-19896840363,Elwick Grange,2024-10-21,Social Care Org,1-118164369,Care UK Care Services Limited,1-319253398,Elwick Grange,Dual Registration,2024-11-08,N
131,1-319253398,Elwick Grange,2011-10-19,Social Care Org,1-116865825,Care UK Community Partnerships Ltd,1-19896840363,Elwick Grange,Dual Registration,2024-11-08,Y
132,1-11541818135,Esher Manor Care Home,2021-12-10,Social Care Org,1-116995093,Willow Tower Opco 1 Limited,1-15519796337,Esher Manor Care Home,Dual Registration,2023-06-01,Y
133,1-15519796337,Esher Manor Care Home,2023-06-01,Social Care Org,1-3105856072,Willowbrook Healthcare Limited,1-11541818135,Esher Manor Care Home,Dual Registration,2023-06-01,N
134,1-139851798,Farm Lane,2011-01-11,Social Care Org,1-116865825,Care UK Community Partnerships Ltd,1-19896849761,Farm Lane,Dual Registration,2024-11-08,Y
135,1-19896849761,Farm Lane,2024-10-21,Social Care Org,1-118164369,Care UK Care Services Limited,1-139851798,Farm Lane,Dual Registration,2024-11-08,N
136,1-19896801560,Ferndown Manor,2024-10-21,Social Care Org,1-118164369,Care UK Care Services Limited,1-3551271435,Ferndown Manor,Dual Registration,2024-11-08,N
137,1-3551271435,Ferndown Manor,2017-02-27,Social Care Org,1-116865825,Care UK Community Partnerships Ltd,1-19896801560,Ferndown Manor,Dual Registration,2024-11-08,Y
138,1-1190770444,Field Lodge,2014-02-03,Social Care Org,1-116865825,Care UK Community Partnerships Ltd,1-19896706325,Field Lodge,Dual Registration,2024-11-08,Y
139,1-19896706325,Field Lodge,2024-10-21,Social Care Org,1-118164369,Care UK Care Services Limited,1-1190770444,Field Lodge,Dual Registration,2024-11-08,N
140,1-15519796364,Fleet Hall Care Home,2023-06-01,Social Care Org,1-3105856072,Willowbrook Healthcare Limited,1-3873974494,Fleet Hall Care Home,Dual Registration,2023-06-01,N
141,1-3873974494,Fleet Hall Care Home,2017-08-01,Social Care Org,1-116995093,Willow Tower Opco 1 Limited,1-15519796364,Fleet Hall Care Home,Dual Registration,2023-06-01,Y
142,1-139851816,Forrester Court,2011-01-11,Social Care Org,1-116865825,Care UK Community Partnerships Ltd,1-19896988748,Forrester Court,Dual Registration,2024-11-08,Y
143,1-19896988748,Forrester Court,2024-10-21,Social Care Org,1-118164369,Care UK Care Services Limited,1-139851816,Forrester Court,Dual Registration,2024-11-08,N
144,1-19896801657,Foxbridge House,2024-10-21,Social Care Org,1-118164369,Care UK Care Services Limited,1-651388922,Foxbridge House,Dual Registration,2024-11-08,N
145,1-651388922,Foxbridge House,2013-03-20,Social Care Org,1-116865825,Care UK Community Partnerships Ltd,1-19896801657,Foxbridge House,Dual Registration,2024-11-08,Y
146,1-11462648264,Foxland Grange,2021-12-10,Social Care Org,1-4422193466,WT UK Opco 4 Limited,1-19897271101,Foxland Grange,Dual Registration,2024-11-28,Y
147,1-19897271101,Foxland Grange,2024-10-21,Social Care Org,1-118164369,Care UK Care Services Limited,1-11462648264,Foxland Grange,Dual Registration,2024-11-28,N
148,1-1228095928,Franklin House,2014-03-14,Social Care Org,1-116865825,Care UK Community Partnerships Ltd,1-19896849290,Franklin House,Dual Registration,2024-11-08,Y
149,1-19896849290,Franklin House,2024-10-21,Social Care Org,1-118164369,Care UK Care Services Limited,1-1228095928,Franklin House,Dual Registration,2024-11-08,N
150,1-15519796391,Frognal House Care Home,2023-06-01,Social Care Org,1-3105856072,Willowbrook Healthcare Limited,1-3876084699,Frognal House Care Home,Dual Registration,2023-06-01,N
151,1-3876084699,Frognal House Care Home,2017-08-01,Social Care Org,1-116995093,Willow Tower Opco 1 Limited,1-15519796391,Frognal House Care Home,Dual Registration,2023-06-01,Y
152,1-19896706353,Glastonbury Court,2024-10-21,Social Care Org,1-118164369,Care UK Care Services Limited,1-2397838058,Glastonbury Court,Dual Registration,2024-11-08,N
153,1-2397838058,Glastonbury Court,2016-01-08,Social Care Org,1-116865825,Care UK Community Partnerships Ltd,1-19896706353,Glastonbury Court,Dual Registration,2024-11-08,Y
154,1-19896840490,Grangewood Care Centre,2024-10-21,Social Care Org,1-118164369,Care UK Care Services Limited,1-319264531,Grangewood Care Centre,Dual Registration,2024-11-08,N
155,1-319264531,Grangewood Care Centre,2011-10-19,Social Care Org,1-116865825,Care UK Community Partnerships Ltd,1-19896840490,Grangewood Care Centre,Dual Registration,2024-11-08,Y
156,1-19897271138,Greenview Hall,2024-10-21,Social Care Org,1-118164369,Care UK Care Services Limited,1-4866989605,Greenview Hall,Dual Registration,2024-11-28,N
157,1-4866989605,Greenview Hall,2018-02-16,Social Care Org,1-4422193466,WT UK Opco 4 Limited,1-19897271138,Greenview Hall,Dual Registration,2024-11-28,Y
158,1-139851834,Greville House,2011-01-11,Social Care Org,1-116865825,Care UK Community Partnerships Ltd,1-19896849788,Greville House,Dual Registration,2024-11-08,Y
159,1-19896849788,Greville House,2024-10-21,Social Care Org,1-118164369,Care UK Care Services Limited,1-139851834,Greville House,Dual Registration,2024-11-08,N
160,1-15520133948,Guildford House Care Home,2023-06-01,Social Care Org,1-3105856072,Willowbrook Healthcare Limited,1-3873974590,Guildford House Care Home,Dual Registration,2023-06-01,N
161,1-3873974590,Guildford House Care Home,2017-08-01,Social Care Org,1-116995093,Willow Tower Opco 1 Limited,1-15520133948,Guildford House Care Home,Dual Registration,2023-06-01,Y
162,1-19896840747,Hadrian House,2024-10-21,Social Care Org,1-118164369,Care UK Care Services Limited,1-319264554,Hadrian House,Dual Registration,2024-11-08,N
163,1-319264554,Hadrian House,2011-10-19,Social Care Org,1-116865825,Care UK Community Partnerships Ltd,1-19896840747,Hadrian House,Dual Registration,2024-11-08,Y
164,1-19896847135,Hadrian Park,2024-10-21,Social Care Org,1-118164369,Care UK Care Services Limited,1-319264588,Hadrian Park,Dual Registration,2024-11-08,N
165,1-319264588,Hadrian Park,2011-10-19,Social Care Org,1-116865825,Care UK Community Partnerships Ltd,1-19896847135,Hadrian Park,Dual Registration,2024-11-08,Y
166,1-11462647983,Halecroft Grange,2021-12-10,Social Care Org,1-4422193466,WT UK Opco 4 Limited,1-19897458875,Halecroft Grange,Dual Registration,2024-11-28,Y
167,1-19897458875,Halecroft Grange,2024-10-21,Social Care Org,1-118164369,Care UK Care Services Limited,1-11462647983,Halecroft Grange,Dual Registration,2024-11-28,N
168,1-14212680672,Hampstead Court Care Home,2022-11-11,Social Care Org,1-3105856072,Willowbrook Healthcare Limited,1-18075227663,Hampstead Court Care Home,Dual Registration,2024-05-20,Y
169,1-18075227663,Hampstead Court Care Home,2023-12-14,Social Care Org,1-14357985644,WT RB Opco 1 Limited,1-14212680672,Hampstead Court Care Home,Dual Registration,2024-05-20,N
170,1-19512158723,Harcourt Gardens Care Home,2024-10-07,Social Care Org,1-4422193466,WT UK Opco 4 Limited,1-20392643576,Harcourt Gardens Care Home,Dual Registration,2024-11-08,Y
171,1-20392643576,Harcourt Gardens Care Home,2024-11-04,Social Care Org,1-118164369,Care UK Care Services Limited,1-19512158723,Harcourt Gardens Care Home,Dual Registration,2024-11-04,N
172,1-19896826314,Harrier Lodge,2024-10-21,Social Care Org,1-118164369,Care UK Care Services Limited,1-6067028925,Harrier Lodge,Dual Registration,2024-11-08,N
173,1-6067028925,Harrier Lodge,2019-01-02,Social Care Org,1-116865825,Care UK Community Partnerships Ltd,1-19896826314,Harrier Lodge,Dual Registration,2024-11-08,Y
174,1-19896706381,Hartismere Place,2024-10-21,Social Care Org,1-118164369,Care UK Care Services Limited,1-2179886227,Hartismere Place,Dual Registration,2024-11-08,N
175,1-2179886227,Hartismere Place,2015-10-08,Social Care Org,1-116865825,Care UK Community Partnerships Ltd,1-19896706381,Hartismere Place,Dual Registration,2024-11-08,Y
176,1-19888341904,Haven Lodge,2024-09-19,Social Care Org,1-116865825,Care UK Community Partnerships Ltd,1-20392541063,Haven Lodge,Dual Registration,2024-11-28,Y
177,1-20392541063,Haven Lodge,2024-11-04,Social Care Org,1-118164369,Care UK Care Services Limited,1-19888341904,Haven Lodge,Dual Registration,2024-11-28,N
178,1-19896826361,Heather View,2024-10-21,Social Care Org,1-118164369,Care UK Care Services Limited,1-256827440,Heather View,Dual Registration,2024-11-08,N
179,1-256827440,Heather View,2011-07-28,Social Care Org,1-116865825,Care UK Community Partnerships Ltd,1-19896826361,Heather View,Dual Registration,2024-11-08,Y
180,1-11348604884,Heathlands House,2021-07-29,Social Care Org,1-116865825,Care UK Community Partnerships Ltd,1-19896563394,Heathlands House,Dual Registration,2024-11-08,Y
181,1-19896563394,Heathlands House,2024-10-21,Social Care Org,1-118164369,Care UK Care Services Limited,1-11348604884,Heathlands House,Dual Registration,2024-11-08,N
182,1-19897070802,Heavers Court,2024-10-21,Social Care Org,1-118164369,Care UK Care Services Limited,1-236551547,Heavers Court,Dual Registration,2024-11-08,N
183,1-236551547,Heavers Court,2011-07-08,Social Care Org,1-116865825,Care UK Community Partnerships Ltd,1-19897070802,Heavers Court,Dual Registration,2024-11-08,Y
184,1-139851888,Highbury New Park,2011-01-11,Social Care Org,1-116865825,Care UK Community Partnerships Ltd,1-19897040444,Highbury New Park,Dual Registration,2024-11-08,Y
185,1-19897040444,Highbury New Park,2024-10-21,Social Care Org,1-118164369,Care UK Care Services Limited,1-139851888,Highbury New Park,Dual Registration,2024-11-08,N
186,1-19896706408,Highmarket House,2024-10-21,Social Care Org,1-118164369,Care UK Care Services Limited,1-4306211615,Highmarket House,Dual Registration,2024-11-08,N
187,1-4306211615,Highmarket House,2017-09-26,Social Care Org,1-116865825,Care UK Community Partnerships Ltd,1-19896706408,Highmarket House,Dual Registration,2024-11-08,Y
188,1-141956744,Hollins Park,2011-01-25,Social Care Org,1-116865133,Community Health Services Limited,1-19896563693,Hollins Park,Dual Registration,2024-11-08,Y
189,1-19896563693,Hollins Park,2024-10-21,Social Care Org,1-118164369,Care UK Care Services Limited,1-141956744,Hollins Park,Dual Registration,2024-11-08,N
190,1-19896826468,Invicta Court,2024-10-21,Social Care Org,1-118164369,Care UK Care Services Limited,1-8576167535,Invicta Court,Dual Registration,2024-11-08,N
191,1-8576167535,Invicta Court,2020-03-24,Social Care Org,1-116865825,Care UK Community Partnerships Ltd,1-19896826468,Invicta Court,Dual Registration,2024-11-08,Y
192,1-1886382001,Ivy Grove,2015-06-26,Social Care Org,1-1848550353,Bayfield Court Operations Limited,1-19897532454,Ivy Grove,Dual Registration,2024-11-28,Y
193,1-19897532454,Ivy Grove,2024-10-21,Social Care Org,1-118164369,Care UK Care Services Limited,1-1886382001,Ivy Grove,Dual Registration,2024-11-28,N
194,1-139851942,Jubilee House,2011-01-11,Social Care Org,1-116865825,Care UK Community Partnerships Ltd,1-19896726944,Jubilee House,Dual Registration,2024-11-08,Y
195,1-19896726944,Jubilee House,2024-10-21,Social Care Org,1-118164369,Care UK Care Services Limited,1-139851942,Jubilee House,Dual Registration,2024-11-08,N
196,1-325368830,Kenilworth Grange Care Home,2024-10-21,Social Care Org,1-118164369,Care UK Care Services Limited,1-325379875,Kenilworth Grange Care Home,Dual Registration,2024-11-08,N
197,1-325379875,Kenilworth Grange Care Home,2011-10-31,Social Care Org,1-116865825,Care UK Community Partnerships Ltd,1-325368830,Kenilworth Grange Care Home,Dual Registration,2024-11-08,Y
198,1-19897458903,Kentford Manor,2024-10-21,Social Care Org,1-118164369,Care UK Care Services Limited,1-5315177207,Kentford Manor,Dual Registration,2024-11-28,N
199,1-5315177207,Kentford Manor,2018-06-08,Social Care Org,1-4422193466,WT UK Opco 4 Limited,1-19897458903,Kentford Manor,Dual Registration,2024-11-28,Y
200,1-19896563750,Kings Court Care Home,2024-10-21,Social Care Org,1-118164369,Care UK Care Services Limited,1-319264671,Kings Court Care Home,Dual Registration,2024-11-26,N
201,1-319264671,Kings Court Care Home,2011-10-19,Social Care Org,1-116865825,Care UK Community Partnerships Ltd,1-19896563750,Kings Court Care Home,Dual Registration,2024-11-26,Y
202,1-139851960,Kingsleigh,2011-01-11,Social Care Org,1-116865825,Care UK Community Partnerships Ltd,1-19897040666,Kingsleigh,Dual Registration,2024-11-28,Y
203,1-19897040666,Kingsleigh,2024-10-21,Social Care Org,1-118164369,Care UK Care Services Limited,1-139851960,Kingsleigh,Dual Registration,2024-11-08,N
204,1-19896706435,Knebworth Care Home,2024-10-21,Social Care Org,1-118164369,Care UK Care Services Limited,1-4657440585,Knebworth Care Home,Dual Registration,2024-11-08,N
205,1-4657440585,Knebworth Care Home,2018-02-20,Social Care Org,1-116865825,Care UK Community Partnerships Ltd,1-19896706435,Knebworth Care Home,Dual Registration,2024-11-08,Y
206,1-3749779050,Knowle Gate Care Home,2017-05-03,Social Care Org,1-3105856072,Willowbrook Healthcare Limited,1-7412656606,Knowle Gate Care Home,Dual Registration,2019-09-23,Y
207,1-7412656606,Knowle Gate Care Home,2019-08-28,Social Care Org,1-7136356132,WT UK OPCO 1 Limited,1-3749779050,Knowle Gate Care Home,Dual Registration,2019-09-23,N
208,1-19883011994,Ladden View,2024-09-18,Social Care Org,1-116865825,Care UK Community Partnerships Ltd,1-20392895914,Ladden View,Dual Registration,2024-11-08,Y
209,1-20392895914,Ladden View,2024-11-04,Social Care Org,1-118164369,Care UK Care Services Limited,1-19883011994,Ladden View,Dual Registration,2024-11-08,N
210,1-13963692717,Lady Jane Court Care Home,2022-11-10,Social Care Org,1-3105856072,Willowbrook Healthcare Limited,1-18075227581,Lady Jane Court Care Home,Dual Registration,2024-07-25,Y
211,1-18075227581,Lady Jane Court Care Home,2023-12-14,Social Care Org,1-14357985644,WT RB Opco 1 Limited,1-13963692717,Lady Jane Court Care Home,Dual Registration,2024-07-25,N
212,1-11458525115,Ladybrook Manor,2021-12-10,Social Care Org,1-4422193466,WT UK Opco 4 Limited,1-19897447135,Ladybrook Manor,Dual Registration,2024-11-28,Y
213,1-19897447135,Ladybrook Manor,2024-10-21,Social Care Org,1-118164369,Care UK Care Services Limited,1-11458525115,Ladybrook Manor,Dual Registration,2024-11-28,N
214,1-19897040415,Langley Oaks,2024-10-21,Social Care Org,1-118164369,Care UK Care Services Limited,1-238164628,Langley Oaks,Dual Registration,2024-10-21,N
215,1-238164628,Langley Oaks,2011-07-08,Social Care Org,1-116865825,Care UK Community Partnerships Ltd,1-19897040415,Langley Oaks,Dual Registration,2024-10-21,Y
216,1-139851978,Laurel Dene,2011-01-11,Social Care Org,1-116865825,Care UK Community Partnerships Ltd,1-19896881815,Laurel Dene,Dual Registration,2024-11-08,Y
217,1-19896881815,Laurel Dene,2024-10-21,Social Care Org,1-118164369,Care UK Care Services Limited,1-139851978,Laurel Dene,Dual Registration,2024-11-08,N
218,1-139851996,Lennox House,2011-01-11,Social Care Org,1-116865825,Care UK Community Partnerships Ltd,1-19897040471,Lennox House,Dual Registration,2024-11-08,Y
219,1-19897040471,Lennox House,2024-10-21,Social Care Org,1-118164369,Care UK Care Services Limited,1-139851996,Lennox House,Dual Registration,2024-11-08,N
220,1-19897447163,Liberham Lodge,2024-10-21,Social Care Org,1-118164369,Care UK Care Services Limited,1-4518081348,Liberham Lodge,Dual Registration,2024-11-28,N
221,1-4518081348,Liberham Lodge,2017-11-21,Social Care Org,1-4422193466,WT UK Opco 4 Limited,1-19897447163,Liberham Lodge,Dual Registration,2024-11-28,Y
222,1-19896563193,Lonsdale Mews,2024-10-21,Social Care Org,1-118164369,Care UK Care Services Limited,1-9219119253,Lonsdale Mews,Dual Registration,2024-11-08,N
223,1-9219119253,Lonsdale Mews,2020-09-25,Social Care Org,1-116865825,Care UK Community Partnerships Ltd,1-19896563193,Lonsdale Mews,Dual Registration,2024-11-08,Y
224,1-19897532521,Maids Moreton Hall,2024-10-21,Social Care Org,1-118164369,Care UK Care Services Limited,1-2092271445,Maids Moreton Hall,Dual Registration,2024-11-28,N
225,1-2092271445,Maids Moreton Hall,2015-06-11,Social Care Org,1-1848426772,Maids Moreton Operations Limited,1-19897532521,Maids Moreton Hall,Dual Registration,2024-11-28,Y
226,1-139859014,Manor Lodge,2011-01-11,Social Care Org,1-116865825,Care UK Community Partnerships Ltd,1-19896706462,Manor Lodge,Dual Registration,2024-11-08,Y
227,1-19896706462,Manor Lodge,2024-10-21,Social Care Org,1-118164369,Care UK Care Services Limited,1-139859014,Manor Lodge,Dual Registration,2024-11-08,N
228,1-11786488212,Martlet Manor,2021-10-14,Social Care Org,1-116865825,Care UK Community Partnerships Ltd,1-19896563545,Martlet Manor,Dual Registration,2024-11-08,Y
229,1-19896563545,Martlet Manor,2024-10-21,Social Care Org,1-118164369,Care UK Care Services Limited,1-11786488212,Martlet Manor,Dual Registration,2024-11-08,N
230,1-19896727109,Mercia Grange,2024-10-21,Social Care Org,1-118164369,Care UK Care Services Limited,1-5274759828,Mercia Grange,Dual Registration,2024-11-08,N
231,1-5274759828,Mercia Grange,2018-05-31,Social Care Org,1-116865825,Care UK Community Partnerships Ltd,1-19896727109,Mercia Grange,Dual Registration,2024-11-08,Y
232,1-11712910195,Metchley Manor,2021-12-10,Social Care Org,1-4422193466,WT UK Opco 4 Limited,1-19897447200,Metchley Manor,Dual Registration,2024-11-28,Y
233,1-19897447200,Metchley Manor,2024-10-21,Social Care Org,1-118164369,Care UK Care Services Limited,1-11712910195,Metchley Manor,Dual Registration,2024-11-28,N
234,1-15104524820,Middleton Lodge Care Home,2023-04-04,Social Care Org,1-13975217479,Artisan Ivy Opco Limited,1-19885142966,Middleton Lodge Care Home,Dual Registration,2024-09-19,Y
235,1-19885142966,Middleton Lodge Care Home,2024-09-12,Social Care Org,1-3105856072,Willowbrook Healthcare Limited,1-15104524820,Middleton Lodge Care Home,Dual Registration,2024-09-19,N
236,1-1465022022,Mildenhall Lodge,2014-06-16,Social Care Org,1-116865825,Care UK Community Partnerships Ltd,1-19896366725,Mildenhall Lodge,Dual Registration,2024-11-08,Y
237,1-19896366725,Mildenhall Lodge,2024-10-21,Social Care Org,1-118164369,Care UK Care Services Limited,1-1465022022,Mildenhall Lodge,Dual Registration,2024-11-08,N
238,1-19896563666,Mill View,2024-10-21,Social Care Org,1-118164369,Care UK Care Services Limited,1-420305511,Mill View,Dual Registration,2024-11-08,N
239,1-420305511,Mill View,2012-05-18,Social Care Org,1-116865825,Care UK Community Partnerships Ltd,1-19896563666,Mill View,Dual Registration,2024-11-08,Y
240,1-19896366757,Millers Grange,2024-10-21,Social Care Org,1-118164369,Care UK Care Services Limited,1-6792346909,Millers Grange,Dual Registration,2024-11-08,N
241,1-6792346909,Millers Grange,2019-04-26,Social Care Org,1-116865825,Care UK Community Partnerships Ltd,1-19896366757,Millers Grange,Dual Registration,2024-11-08,Y
242,1-19896366794,Mills Meadow,2024-10-21,Social Care Org,1-118164369,Care UK Care Services Limited,1-498788118,Mills Meadow,Dual Registration,2024-11-08,N
243,1-498788118,Mills Meadow,2012-12-12,Social Care Org,1-116865825,Care UK Community Partnerships Ltd,1-19896366794,Mills Meadow,Dual Registration,2024-11-08,Y
244,1-19896826715,Montfort Manor,2024-10-21,Social Care Org,1-118164369,Care UK Care Services Limited,1-7695290952,Montfort Manor,Dual Registration,2024-11-08,N
245,1-7695290952,Montfort Manor,2019-10-17,Social Care Org,1-116865825,Care UK Community Partnerships Ltd,1-19896826715,Montfort Manor,Dual Registration,2024-11-08,Y
246,1-10609926725,Moorlands Lodge Care Home,2021-03-30,Social Care Org,1-3595184458,Redwood Tower UK Opco 2 Limited,1-15520133976,Moorlands Lodge Care Home,Dual Registration,2023-06-01,Y
247,1-15520133976,Moorlands Lodge Care Home,2023-06-01,Social Care Org,1-3105856072,Willowbrook Healthcare Limited,1-10609926725,Moorlands Lodge Care Home,Dual Registration,2023-06-01,N
248,1-19896787745,Mountbatten Grange,2024-10-21,Social Care Org,1-118164369,Care UK Care Services Limited,1-6060209835,Mountbatten Grange,Dual Registration,2024-11-08,N
249,1-6060209835,Mountbatten Grange,2018-11-22,Social Care Org,1-116865825,Care UK Community Partnerships Ltd,1-19896787745,Mountbatten Grange,Dual Registration,2024-11-08,Y
250,1-19896787773,Mountfitchet House,2024-10-21,Social Care Org,1-118164369,Care UK Care Services Limited,1-2480672492,Mountfitchet House,Dual Registration,2024-11-08,N
251,1-2480672492,Mountfitchet House,2016-02-25,Social Care Org,1-116865825,Care UK Community Partnerships Ltd,1-19896787773,Mountfitchet House,Dual Registration,2024-11-08,Y
252,1-17710168488,Mousehold View Care Home,2023-10-05,Social Care Org,1-15977613660,Artisan Care Norwich Limited,1-19882007863,Mousehold View Care Home,Dual Registration,2024-08-22,Y
253,1-19882007863,Mousehold View Care Home,2024-08-14,Social Care Org,1-3105856072,Willowbrook Healthcare Limited,1-17710168488,Mousehold View Care Home,Dual Registration,2024-08-22,N
254,1-139859068,Muriel Street Resource Centre,2011-01-11,Social Care Org,1-116865825,Care UK Community Partnerships Ltd,1-19897040498,Muriel Street Resource Centre,Dual Registration,2024-11-08,Y
255,1-19897040498,Muriel Street Resource Centre,2024-10-21,Social Care Org,1-118164369,Care UK Care Services Limited,1-139859068,Muriel Street Resource Centre,Dual Registration,2024-11-08,N
256,1-19897447227,Newbury Grove,2024-10-21,Social Care Org,1-118164369,Care UK Care Services Limited,1-4518082141,Newbury Grove,Dual Registration,2024-11-28,N
257,1-4518082141,Newbury Grove,2017-11-21,Social Care Org,1-4422193466,WT UK Opco 4 Limited,1-19897447227,Newbury Grove,Dual Registration,2024-11-28,Y
258,1-139859086,Oak House,2011-01-11,Social Care Org,1-116865825,Care UK Community Partnerships Ltd,1-19896849215,Oak House,Dual Registration,2024-11-08,Y
259,1-19896849215,Oak House,2024-10-21,Social Care Org,1-118164369,Care UK Care Services Limited,1-139859086,Oak House,Dual Registration,2024-11-08,N
260,1-19896727136,Oakfield Croft,2024-10-21,Social Care Org,1-118164369,Care UK Care Services Limited,1-8545095986,Oakfield Croft,Dual Registration,2024-11-08,N
261,1-8545095986,Oakfield Croft,2020-03-17,Social Care Org,1-116865825,Care UK Community Partnerships Ltd,1-19896727136,Oakfield Croft,Dual Registration,2024-11-08,Y
262,1-18339822174,Oat Hill Mews,2024-01-09,Social Care Org,1-116865825,Care UK Community Partnerships Ltd,1-19896727163,Oat Hill Mews,Dual Registration,2024-11-08,Y
263,1-19896727163,Oat Hill Mews,2024-10-21,Social Care Org,1-118164369,Care UK Care Services Limited,1-18339822174,Oat Hill Mews,Dual Registration,2024-11-08,N
264,1-14615433130,Oxbow Manor,2022-12-20,Social Care Org,1-116865825,Care UK Community Partnerships Ltd,1-19896563330,Oxbow Manor,Dual Registration,2024-11-08,Y
265,1-19896563330,Oxbow Manor,2024-10-21,Social Care Org,1-118164369,Care UK Care Services Limited,1-14615433130,Oxbow Manor,Dual Registration,2024-11-08,N
266,1-141956772,Paisley Court,2011-01-25,Social Care Org,1-116865133,Community Health Services Limited,1-19896726971,Paisley Court,Dual Registration,2024-11-08,Y
267,1-19896726971,Paisley Court,2024-10-21,Social Care Org,1-118164369,Care UK Care Services Limited,1-141956772,Paisley Court,Dual Registration,2024-11-08,N
268,1-19897447294,Parker Meadows,2024-10-21,Social Care Org,1-118164369,Care UK Care Services Limited,1-5548538222,Parker Meadows,Dual Registration,2024-11-28,N
269,1-5548538222,Parker Meadows,2018-08-14,Social Care Org,1-4422193466,WT UK Opco 4 Limited,1-19897447294,Parker Meadows,Dual Registration,2024-11-28,Y
270,1-19896563451,Parsons Grange,2024-10-21,Social Care Org,1-118164369,Care UK Care Services Limited,1-9199519760,Parsons Grange,Dual Registration,2024-11-08,N
271,1-9199519760,Parsons Grange,2020-07-13,Social Care Org,1-116865825,Care UK Community Partnerships Ltd,1-19896563451,Parsons Grange,Dual Registration,2024-11-08,Y
272,1-19896826742,Pear Tree Court,2024-10-21,Social Care Org,1-118164369,Care UK Care Services Limited,1-4704709263,Pear Tree Court,Dual Registration,2024-11-08,N
273,1-4704709263,Pear Tree Court,2018-02-01,Social Care Org,1-116865825,Care UK Community Partnerships Ltd,1-19896826742,Pear Tree Court,Dual Registration,2024-11-08,Y
274,1-3750258148,Pemberley House,2017-05-03,Social Care Org,1-3105856072,Willowbrook Healthcare Limited,1-7412656713,Pemberley House,Dual Registration,2019-09-23,Y
275,1-7412656713,Pemberley House,2019-08-28,Social Care Org,1-7136356132,WT UK OPCO 1 Limited,1-3750258148,Pemberley House,Dual Registration,2019-09-23,N
276,1-1459306141,Perry Manor,2014-06-06,Social Care Org,1-116865825,Care UK Community Partnerships Ltd,1-19896727190,Perry Manor,Dual Registration,2024-11-08,Y
277,1-19896727190,Perry Manor,2024-10-21,Social Care Org,1-118164369,Care UK Care Services Limited,1-1459306141,Perry Manor,Dual Registration,2024-11-08,N
278,1-141956790,Pinetum,2011-01-25,Social Care Org,1-116865133,Community Health Services Limited,1-19896563777,Pinetum,Dual Registration,2024-11-08,Y
279,1-19896563777,Pinetum,2024-10-21,Social Care Org,1-118164369,Care UK Care Services Limited,1-141956790,Pinetum,Dual Registration,2024-11-08,N
280,1-19896847452,Ponteland Manor Care Home,2024-10-21,Social Care Org,1-118164369,Care UK Care Services Limited,1-319264847,Ponteland Manor Care Home,Dual Registration,2024-11-08,N
281,1-319264847,Ponteland Manor Care Home,2011-10-19,Social Care Org,1-116865825,Care UK Community Partnerships Ltd,1-19896847452,Ponteland Manor Care Home,Dual Registration,2024-11-08,Y
282,1-1894520611,Prince George House,2015-02-02,Social Care Org,1-116865825,Care UK Community Partnerships Ltd,1-19896849075,Prince George House,Dual Registration,2024-11-08,Y
283,1-19896849075,Prince George House,2024-10-21,Social Care Org,1-118164369,Care UK Care Services Limited,1-1894520611,Prince George House,Dual Registration,2024-11-08,N
284,1-1474529515,Priors House,2014-06-20,Social Care Org,1-116865825,Care UK Community Partnerships Ltd,1-19896727217,Priors House,Dual Registration,2024-11-08,Y
285,1-19896727217,Priors House,2024-10-21,Social Care Org,1-118164369,Care UK Care Services Limited,1-1474529515,Priors House,Dual Registration,2024-11-08,N
286,1-15520134060,Purley Gardens Care Home,2023-06-01,Social Care Org,1-3105856072,Willowbrook Healthcare Limited,1-3873974653,Purley Gardens Care Home,Dual Registration,2023-06-01,N
287,1-3873974653,Purley Gardens Care Home,2017-08-01,Social Care Org,1-116995093,Willow Tower Opco 1 Limited,1-15520134060,Purley Gardens Care Home,Dual Registration,2023-06-01,Y
288,1-19896849734,Queens Court,2024-10-21,Social Care Org,1-118164369,Care UK Care Services Limited,1-4521893781,Queens Court,Dual Registration,2024-11-08,N
289,1-4521893781,Queens Court,2017-12-29,Social Care Org,1-116865825,Care UK Community Partnerships Ltd,1-19896849734,Queens Court,Dual Registration,2024-11-08,Y
290,1-19897532271,Ridley Manor,2024-10-21,Social Care Org,1-118164369,Care UK Care Services Limited,1-4518081534,Ridley Manor,Dual Registration,2024-11-28,N
291,1-4518081534,Ridley Manor,2017-11-21,Social Care Org,1-4422193466,WT UK Opco 4 Limited,1-19897532271,Ridley Manor,Dual Registration,2024-11-28,Y
292,1-126362857,Rivermere Retirement and Care Home,2010-12-23,Social Care Org,1-117003321,WT UK Opco 2 Limited,1-3118835738,Rivermere Retirement and Care Home,Dual Registration,2017-03-01,Y
293,1-3118835738,Rivermere Retirement and Care Home,2017-03-01,Social Care Org,1-3105856072,Willowbrook Healthcare Limited,1-126362857,Rivermere Retirement and Care Home,Dual Registration,2017-03-01,N
294,1-10609926752,Rosebery Manor Care Home,2021-03-30,Social Care Org,1-3595184458,Redwood Tower UK Opco 2 Limited,1-15519796475,Rosebery Manor Care Home,Dual Registration,2023-06-01,Y
295,1-15519796475,Rosebery Manor Care Home,2023-06-01,Social Care Org,1-3105856072,Willowbrook Healthcare Limited,1-10609926752,Rosebery Manor Care Home,Dual Registration,2023-06-01,N
296,1-19897532298,Rossetti House,2024-10-21,Social Care Org,1-118164369,Care UK Care Services Limited,1-8291920881,Rossetti House,Dual Registration,2024-11-28,N
297,1-8291920881,Rossetti House,2020-01-30,Social Care Org,1-4422193466,WT UK Opco 4 Limited,1-19897532298,Rossetti House,Dual Registration,2024-11-28,Y
298,1-19897532325,Rush Hill Mews,2024-10-21,Social Care Org,1-118164369,Care UK Care Services Limited,1-4518081467,Rush Hill Mews,Dual Registration,2024-11-28,N
299,1-4518081467,Rush Hill Mews,2017-11-21,Social Care Org,1-4422193466,WT UK Opco 4 Limited,1-19897532325,Rush Hill Mews,Dual Registration,2024-11-28,Y
300,1-19897532352,Salisbury Manor,2024-10-21,Social Care Org,1-118164369,Care UK Care Services Limited,1-5548875684,Salisbury Manor,Dual Registration,2024-11-28,N
301,1-5548875684,Salisbury Manor,2018-08-14,Social Care Org,1-4422193466,WT UK Opco 4 Limited,1-19897532352,Salisbury Manor,Dual Registration,2024-11-28,Y
302,1-1207038123,Sandfields,2014-01-24,Social Care Org,1-116865825,Care UK Community Partnerships Ltd,1-19896801053,Sandfields,Dual Registration,2024-11-08,Y
303,1-19896801053,Sandfields,2024-10-21,Social Care Org,1-118164369,Care UK Care Services Limited,1-1207038123,Sandfields,Dual Registration,2024-11-08,N
304,1-17594432918,Saxon Manor Care Home,2023-09-27,Social Care Org,1-15913608723,Artisan Care Godmanchester Limited,1-22060894950,Saxon Manor Care Home,Dual Registration,2025-02-18,Y
305,1-22060894950,Saxon Manor Care Home,2025-02-18,Social Care Org,1-3105856072,Willowbrook Healthcare Limited,1-17594432918,Saxon Manor Care Home,Dual Registration,2025-02-18,N
306,1-1648817611,Scarlet House,2014-09-17,Social Care Org,1-116865825,Care UK Community Partnerships Ltd,1-19896801121,Scarlet House,Dual Registration,2024-11-08,Y
307,1-19896801121,Scarlet House,2024-10-21,Social Care Org,1-118164369,Care UK Care Services Limited,1-1648817611,Scarlet House,Dual Registration,2024-11-08,N
308,1-19885073039,Seagrave House Care Home,2024-09-12,Social Care Org,1-3105856072,Willowbrook Healthcare Limited,1-544721242,Seagrave House Care Home,Dual Registration,2024-09-19,N
309,1-544721242,Seagrave House Care Home,2012-12-19,Social Care Org,1-171220686,Artisan Care Northants Limited,1-19885073039,Seagrave House Care Home,Dual Registration,2024-09-19,Y
310,1-19897532379,Seccombe Court,2024-10-21,Social Care Org,1-118164369,Care UK Care Services Limited,1-4517053727,Seccombe Court,Dual Registration,2024-11-28,N
311,1-4517053727,Seccombe Court,2017-11-21,Social Care Org,1-4422193466,WT UK Opco 4 Limited,1-19897532379,Seccombe Court,Dual Registration,2024-11-28,Y
312,1-19896835089,Sherwood Grange,2024-10-21,Social Care Org,1-118164369,Care UK Care Services Limited,1-2857843249,Sherwood Grange,Dual Registration,2024-11-08,N
313,1-2857843249,Sherwood Grange,2016-09-09,Social Care Org,1-116865825,Care UK Community Partnerships Ltd,1-19896835089,Sherwood Grange,Dual Registration,2024-11-08,Y
314,1-11456170313,Signature at Ascot,2021-12-01,Social Care Org,1-7332922385,Signature Senior Lifestyle Operations Ltd,1-7726761205,Signature at Ascot,Dual Registration,2022-02-24,N
315,1-7726761205,Signature at Ascot,2019-11-08,Social Care Org,1-7377533435,SSL Ascot OpCo Ltd,1-11456170313,Signature at Ascot,Dual Registration,2022-02-24,Y
316,1-11456170360,Signature at Banstead,2021-12-01,Social Care Org,1-7332922385,Signature Senior Lifestyle Operations Ltd,1-16666829663,Signature at Banstead,Dual Registration,2023-08-23,Y
317,1-16666829663,Signature at Banstead,2023-08-25,Social Care Org,1-16435814558,Resident Care at Signature Opco LLP,1-11456170360,Signature at Banstead,Dual Registration,2023-08-23,N
318,1-14857790300,Signature at Caversham,2023-01-23,Social Care Org,1-13950493469,SSL CAVERSHAM OPCO LP,1-19884307766,Signature at Caversham,Dual Registration,2024-12-01,Y
319,1-19884307766,Signature at Caversham,2024-08-21,Social Care Org,1-7332922385,Signature Senior Lifestyle Operations Ltd,1-14857790300,Signature at Caversham,Dual Registration,2024-12-01,N
320,1-10232604320,Signature at Coombe Hill Manor,2021-01-27,Social Care Org,1-7332922385,Signature Senior Lifestyle Operations Ltd,1-16666829453,Signature at Coombe Hill Manor,Dual Registration,2023-08-23,Y
321,1-16666829453,Signature at Coombe Hill Manor,2023-08-25,Social Care Org,1-16435814558,Resident Care at Signature Opco LLP,1-10232604320,Signature at Coombe Hill Manor,Dual Registration,2023-08-23,N
322,1-14483726015,Signature at Farnham Common,2022-12-01,Social Care Org,1-13923711800,SSL Farnham Common OPCO LP,1-19884155243,Signature at Farnham Common,Dual Registration,2024-12-01,Y
323,1-19884155243,Signature at Farnham Common,2024-08-21,Social Care Org,1-7332922385,Signature Senior Lifestyle Operations Ltd,1-14483726015,Signature at Farnham Common,Dual Registration,2024-12-01,N
324,1-13903750133,Signature at Hendon Hall,2022-09-07,Social Care Org,1-7332922385,Signature Senior Lifestyle Operations Ltd,1-16666829637,Signature at Hendon Hall,Dual Registration,2023-08-23,Y
325,1-16666829637,Signature at Hendon Hall,2023-08-25,Social Care Org,1-16435814558,Resident Care at Signature Opco LLP,1-13903750133,Signature at Hendon Hall,Dual Registration,2023-08-23,N
326,1-18132327365,Signature at Highgate,2023-11-22,Social Care Org,1-17192358039,SSL HIGHGATE OPCO LP,1-19884469861,Signature at Highgate,Dual Registration,2024-12-01,Y
327,1-19884469861,Signature at Highgate,2024-08-21,Social Care Org,1-7332922385,Signature Senior Lifestyle Operations Ltd,1-18132327365,Signature at Highgate,Dual Registration,2024-12-01,N
328,1-11456400183,Signature at Weybridge,2021-12-01,Social Care Org,1-7332922385,Signature Senior Lifestyle Operations Ltd,1-16666829611,Signature at Weybridge,Dual Registration,2023-08-23,Y
329,1-16666829611,Signature at Weybridge,2023-08-25,Social Care Org,1-16435814558,Resident Care at Signature Opco LLP,1-11456400183,Signature at Weybridge,Dual Registration,2024-09-11,N
330,1-19896849112,Silversprings,2024-10-21,Social Care Org,1-118164369,Care UK Care Services Limited,1-397722010,Silversprings,Dual Registration,2024-11-08,N
331,1-397722010,Silversprings,2012-05-14,Social Care Org,1-116865825,Care UK Community Partnerships Ltd,1-19896849112,Silversprings,Dual Registration,2024-11-08,Y
332,1-19896835186,Skylark House,2024-10-21,Social Care Org,1-118164369,Care UK Care Services Limited,1-3079267935,Skylark House,Dual Registration,2024-11-08,N
333,1-3079267935,Skylark House,2016-11-24,Social Care Org,1-116865825,Care UK Community Partnerships Ltd,1-19896835186,Skylark House,Dual Registration,2024-11-08,Y
334,1-19896835514,Smyth Lodge,2024-10-21,Social Care Org,1-118164369,Care UK Care Services Limited,1-6024238392,Smyth Lodge,Dual Registration,2024-11-08,N
335,1-6024238392,Smyth Lodge,2019-02-04,Social Care Org,1-116865825,Care UK Community Partnerships Ltd,1-19896835514,Smyth Lodge,Dual Registration,2024-11-08,Y
336,1-19896801228,Snowdrop House,2024-10-21,Social Care Org,1-118164369,Care UK Care Services Limited,1-4276504607,Snowdrop House,Dual Registration,2024-11-08,N
337,1-4276504607,Snowdrop House,2017-09-20,Social Care Org,1-116865825,Care UK Community Partnerships Ltd,1-19896801228,Snowdrop House,Dual Registration,2024-11-08,Y
338,1-15519796502,Sonning Gardens Care Home,2023-06-01,Social Care Org,1-3105856072,Willowbrook Healthcare Limited,1-3873974825,Sonning Gardens Care Home,Dual Registration,2023-06-01,N
339,1-3873974825,Sonning Gardens Care Home,2017-08-01,Social Care Org,1-116995093,Willow Tower Opco 1 Limited,1-15519796502,Sonning Gardens Care Home,Dual Registration,2023-06-01,Y
340,1-15519795998,Southampton Manor Care Home,2023-06-01,Social Care Org,1-3105856072,Willowbrook Healthcare Limited,1-3873974300,Southampton Manor Care Home,Dual Registration,2023-06-01,N
341,1-3873974300,Southampton Manor Care Home,2017-08-01,Social Care Org,1-116995093,Willow Tower Opco 1 Limited,1-15519795998,Southampton Manor Care Home,Dual Registration,2023-06-01,Y
342,1-15519796529,Southbourne Beach Care Home,2023-06-01,Social Care Org,1-3105856072,Willowbrook Healthcare Limited,1-3875048085,Southbourne Beach Care Home,Dual Registration,2023-06-01,N
343,1-3875048085,Southbourne Beach Care Home,2017-08-01,Social Care Org,1-116995093,Willow Tower Opco 1 Limited,1-15519796529,Southbourne Beach Care Home,Dual Registration,2023-06-01,Y
344,1-19607770535,Springfield Manor Care Home,2024-06-20,Social Care Org,1-18678949855,WT Granite Opco (STM) Ltd,1-20243016333,Springfield Manor Care Home,Dual Registration,2025-01-03,Y
345,1-20243016333,Springfield Manor Care Home,2025-01-03,Social Care Org,1-19889274275,North Bay Care Service Ltd,1-19607770535,Springfield Manor Care Home,Dual Registration,2025-01-03,N
346,1-14325866832,Squires Mews Care Home,2022-12-30,Social Care Org,1-14240053620,Artisan Care Northampton Limited,1-19885108976,Squires Mews Care Home,Dual Registration,2024-09-19,Y
347,1-19885108976,Squires Mews Care Home,2024-09-16,Social Care Org,1-3105856072,Willowbrook Healthcare Limited,1-14325866832,Squires Mews Care Home,Dual Registration,2024-09-19,N
348,1-19286692278,St Mary's Lodge,2024-07-08,Social Care Org,1-18730046449,WT Granite Opco (STM) Ltd,1-20243016672,St Mary's Lodge,Dual Registration,2025-01-03,Y
349,1-20243016672,St Mary's Lodge,2025-01-03,Social Care Org,1-19889274275,North Bay Care Service Ltd,1-19286692278,St Mary's Lodge,Dual Registration,2025-01-03,N
350,1-19286692326,St Marys Care Centre,2024-07-08,Social Care Org,1-18730046449,WT Granite Opco (STM) Ltd,1-20243016754,St Marys Care Centre,Dual Registration,2025-01-03,Y
351,1-20243016754,St Marys Care Centre,2025-01-03,Social Care Org,1-19889274275,North Bay Care Service Ltd,1-19286692326,St Marys Care Centre,Dual Registration,2025-01-03,N
352,1-19286692402,St Marys Chanterlands Care Home,2024-07-08,Social Care Org,1-18730046449,WT Granite Opco (STM) Ltd,1-20243016728,St Marys Chanterlands Care Home,Dual Registration,2025-01-03,Y
353,1-20243016728,St Marys Chanterlands Care Home,2025-01-03,Social Care Org,1-19889274275,North Bay Care Service Ltd,1-19286692402,St Marys Chanterlands Care Home,Dual Registration,2025-01-03,N
354,1-139859140,St Vincents House,2011-01-11,Social Care Org,1-116865825,Care UK Community Partnerships Ltd,1-19896988665,St Vincents House,Dual Registration,2024-11-08,Y
355,1-19896988665,St Vincents House,2024-10-21,Social Care Org,1-118164369,Care UK Care Services Limited,1-139859140,St Vincents House,Dual Registration,2024-11-08,N
356,1-139859158,Stanecroft,2011-01-11,Social Care Org,1-116865825,Care UK Community Partnerships Ltd,1-19897040696,Stanecroft,Dual Registration,2024-11-08,Y
357,1-19897040696,Stanecroft,2024-10-21,Social Care Org,1-118164369,Care UK Care Services Limited,1-139859158,Stanecroft,Dual Registration,2024-11-08,N
358,1-19896847519,Stanley Park,2024-10-21,Social Care Org,1-118164369,Care UK Care Services Limited,1-319264930,Stanley Park,Dual Registration,2024-11-08,N
359,1-319264930,Stanley Park,2011-10-19,Social Care Org,1-116865825,Care UK Community Partnerships Ltd,1-19896847519,Stanley Park,Dual Registration,2024-11-08,Y
360,1-141956808,Station House,2011-01-25,Social Care Org,1-116865133,Community Health Services Limited,1-19896726805,Station House,Dual Registration,2024-11-08,Y
361,1-19896726805,Station House,2024-10-21,Social Care Org,1-118164369,Care UK Care Services Limited,1-141956808,Station House,Dual Registration,2024-11-08,N
362,1-19897532406,Sway Place,2024-10-21,Social Care Org,1-118164369,Care UK Care Services Limited,1-8291640810,Sway Place,Dual Registration,2024-11-28,N
363,1-8291640810,Sway Place,2020-01-30,Social Care Org,1-4422193466,WT UK Opco 4 Limited,1-19897532406,Sway Place,Dual Registration,2024-11-28,Y
364,1-19888341932,Tall Trees,2024-09-19,Social Care Org,1-116865825,Care UK Community Partnerships Ltd,1-20392643545,Tall Trees,Dual Registration,2024-11-28,Y
365,1-20392643545,Tall Trees,2024-11-04,Social Care Org,1-118164369,Care UK Care Services Limited,1-19888341932,Tall Trees,Dual Registration,2024-11-28,N
366,1-19897532433,Tennyson Grange,2024-10-21,Social Care Org,1-118164369,Care UK Care Services Limited,1-7493737694,Tennyson Grange,Dual Registration,2024-11-28,N
367,1-7493737694,Tennyson Grange,2019-10-03,Social Care Org,1-4422193466,WT UK Opco 4 Limited,1-19897532433,Tennyson Grange,Dual Registration,2024-11-28,Y
368,1-139859210,The Burroughs,2011-01-11,Social Care Org,1-116865825,Care UK Community Partnerships Ltd,1-19896849317,The Burroughs,Dual Registration,2024-11-08,Y
369,1-19896849317,The Burroughs,2024-10-21,Social Care Org,1-118164369,Care UK Care Services Limited,1-139859210,The Burroughs,Dual Registration,2024-11-08,N
370,1-19896835541,The Potteries,2024-10-21,Social Care Org,1-118164369,Care UK Care Services Limited,1-933177483,The Potteries,Dual Registration,2024-11-08,N
371,1-933177483,The Potteries,2013-10-15,Social Care Org,1-116865825,Care UK Community Partnerships Ltd,1-19896835541,The Potteries,Dual Registration,2024-11-08,Y
372,1-19896848836,The Terrace,2024-10-21,Social Care Org,1-118164369,Care UK Care Services Limited,1-319265043,The Terrace,Dual Registration,2024-11-08,N
373,1-319265043,The Terrace,2011-10-19,Social Care Org,1-116865825,Care UK Community Partnerships Ltd,1-19896848836,The Terrace,Dual Registration,2024-11-08,Y
374,1-139859248,Tiltwood,2011-01-11,Social Care Org,1-116865825,Care UK Community Partnerships Ltd,1-19897102803,Tiltwood,Dual Registration,2024-11-08,Y
375,1-19897102803,Tiltwood,2024-10-21,Social Care Org,1-118164369,Care UK Care Services Limited,1-139859248,Tiltwood,Dual Registration,2024-11-08,N
376,1-19896563478,Trymview Hall,2024-10-21,Social Care Org,1-118164369,Care UK Care Services Limited,1-7496040286,Trymview Hall,Dual Registration,2024-11-08,N
377,1-7496040286,Trymview Hall,2019-11-20,Social Care Org,1-116865825,Care UK Community Partnerships Ltd,1-19896563478,Trymview Hall,Dual Registration,2024-11-08,Y
378,1-19896848873,Ventress Hall Care Home,2024-10-21,Social Care Org,1-118164369,Care UK Care Services Limited,1-319265076,Ventress Hall Care Home,Dual Registration,2024-11-08,N
379,1-319265076,Ventress Hall Care Home,2011-10-19,Social Care Org,1-116865825,Care UK Community Partnerships Ltd,1-19896848873,Ventress Hall Care Home,Dual Registration,2024-11-08,Y
380,1-15519796663,Virginia Water Care Home,2023-06-01,Social Care Org,1-3105856072,Willowbrook Healthcare Limited,1-3875048149,Virginia Water Care Home,Dual Registration,2023-06-01,N
381,1-3875048149,Virginia Water Care Home,2017-08-01,Social Care Org,1-116995093,Willow Tower Opco 1 Limited,1-15519796663,Virginia Water Care Home,Dual Registration,2023-06-01,Y
382,1-15519796566,Wandsworth Common Care Home,2023-06-01,Social Care Org,1-3105856072,Willowbrook Healthcare Limited,1-8605274550,Wandsworth Common Care Home,Dual Registration,2023-06-01,N
383,1-8605274550,Wandsworth Common Care Home,2020-03-26,Social Care Org,1-4418205182,Redwood Tower UK Opco 1 Limited,1-15519796566,Wandsworth Common Care Home,Dual Registration,2023-06-01,Y
384,1-19896835588,Weald Heights,2024-10-21,Social Care Org,1-118164369,Care UK Care Services Limited,1-3284932055,Weald Heights,Dual Registration,2024-11-08,N
385,1-3284932055,Weald Heights,2017-04-18,Social Care Org,1-116865825,Care UK Community Partnerships Ltd,1-19896835588,Weald Heights,Dual Registration,2024-11-08,Y
386,1-15519796720,Westbourne Tower Care Home,2023-06-01,Social Care Org,1-3105856072,Willowbrook Healthcare Limited,1-4581174473,Westbourne Tower Care Home,Dual Registration,2023-06-01,N
387,1-4581174473,Westbourne Tower Care Home,2017-12-07,Social Care Org,1-116995093,Willow Tower Opco 1 Limited,1-15519796720,Westbourne Tower Care Home,Dual Registration,2023-06-01,Y
388,1-139859266,Whitby Dene,2011-01-11,Social Care Org,1-116865825,Care UK Community Partnerships Ltd,1-19896849344,Whitby Dene,Dual Registration,2024-11-08,Y
389,1-19896849344,Whitby Dene,2024-10-21,Social Care Org,1-118164369,Care UK Care Services Limited,1-139859266,Whitby Dene,Dual Registration,2024-11-08,N
390,1-139859284,Whitebourne,2011-01-11,Social Care Org,1-116865825,Care UK Community Partnerships Ltd,1-19896849652,Whitebourne,Dual Registration,2024-11-08,Y
391,1-19896849652,Whitebourne,2024-10-21,Social Care Org,1-118164369,Care UK Care Services Limited,1-139859284,Whitebourne,Dual Registration,2024-11-08,N
392,1-139859302,Whitefarm Lodge,2011-01-11,Social Care Org,1-116865825,Care UK Community Partnerships Ltd,1-19896988693,Whitefarm Lodge,Dual Registration,2024-11-08,Y
393,1-19896988693,Whitefarm Lodge,2024-10-21,Social Care Org,1-118164369,Care UK Care Services Limited,1-139859302,Whitefarm Lodge,Dual Registration,2024-11-08,N
394,1-10882124560,Wimbledon Common Care Home,2021-06-01,Social Care Org,1-4418205182,Redwood Tower UK Opco 1 Limited,1-15519796777,Wimbledon Common Care Home,Dual Registration,2023-06-01,Y
395,1-15519796777,Wimbledon Common Care Home,2023-06-01,Social Care Org,1-3105856072,Willowbrook Healthcare Limited,1-10882124560,Wimbledon Common Care Home,Dual Registration,2023-06-01,N
396,1-1348855505,Winchcombe Place,2014-04-23,Social Care Org,1-116865825,Care UK Community Partnerships Ltd,1-19896801295,Winchcombe Place,Dual Registration,2024-11-08,Y
397,1-19896801295,Winchcombe Place,2024-10-21,Social Care Org,1-118164369,Care UK Care Services Limited,1-1348855505,Winchcombe Place,Dual Registration,2024-11-08,N
398,1-15520133834,Winchester Heights Care Home,2023-06-01,Social Care Org,1-3105856072,Willowbrook Healthcare Limited,1-5093090100,Winchester Heights Care Home,Dual Registration,2023-06-01,N
399,1-5093090100,Winchester Heights Care Home,2018-04-23,Social Care Org,1-116995093,Willow Tower Opco 1 Limited,1-15520133834,Winchester Heights Care Home,Dual Registration,2023-06-01,Y
400,1-1228071068,Woodland Hall,2014-03-14,Social Care Org,1-116865825,Care UK Community Partnerships Ltd,1-19896849680,Woodland Hall,Dual Registration,2024-11-08,Y
401,1-19896849680,Woodland Hall,2024-10-21,Social Care Org,1-118164369,Care UK Care Services Limited,1-1228071068,Woodland Hall,Dual Registration,2024-11-08,N
402,1-139859320,Woodside Resource Centre,2011-01-11,Social Care Org,1-116865825,Care UK Community Partnerships Ltd,1-19896849188,Woodside Resource Centre,Dual Registration,2024-11-08,Y
403,1-19896849188,Woodside Resource Centre,2024-10-21,Social Care Org,1-118164369,Care UK Care Services Limited,1-139859320,Woodside Resource Centre,Dual Registration,2024-11-08,N
404,1-19511344435,Chapter House Care Home,2024-10-07,Social Care Org,1-4422193466,WT UK Opco 4 Limited,1-19512547922,Chapter House Care Home,Dual Registration,2024-12-01,Y
405,1-19512547922,Chapter House Care Home,2024-10-07,Social Care Org,1-118164369,Care UK Care Services Limited,1-19511344435,Chapter House Care Home,Dual Registration,2024-12-01,N
406,1-19512158695,Chocolate Works Care Village,2024-10-07,Social Care Org,1-4422193466,WT UK Opco 4 Limited,1-19512547979,Chocolate Works Care Village,Dual Registration,2024-12-01,Y
407,1-19512547979,Chocolate Works Care Village,2024-10-07,Social Care Org,1-118164369,Care UK Care Services Limited,1-19512158695,Chocolate Works Care Village,Dual Registration,2024-12-01,N
408,1-19512158750,Mayfield View Care Home,2024-10-07,Social Care Org,1-4422193466,WT UK Opco 4 Limited,1-19512548054,Mayfield View Care Home,Dual Registration,2024-12-01,Y
409,1-19512548054,Mayfield View Care Home,2024-10-07,Social Care Org,1-118164369,Care UK Care Services Limited,1-19512158750,Mayfield View Care Home,Dual Registration,2024-12-01,N
410,1-19512158777,Seacroft Grange Care Village,2024-10-07,Social Care Org,1-4422193466,WT UK Opco 4 Limited,1-19512548081,Seacroft Grange Care Village,Dual Registration,2024-12-01,Y
411,1-19512548081,Seacroft Grange Care Village,2024-10-07,Social Care Org,1-118164369,Care UK Care Services Limited,1-19512158777,Seacroft Grange Care Village,Dual Registration,2024-12-01,N
412,1-19512547894,Seacroft Green Care Centre,2024-10-07,Social Care Org,1-4422193466,WT UK Opco 4 Limited,1-19512548108,Seacroft Green Care Centre,Dual Registration,2024-12-01,Y
413,1-19512548108,Seacroft Green Care Centre,2024-10-07,Social Care Org,1-118164369,Care UK Care Services Limited,1-19512547894,Seacroft Green Care Centre,Dual Registration,2024-12-01,N
